timestamp,sensor_id,data_type,data_value,numeric_value
2025-06-03 18:41:59,SENS762,co2_ppm,433.0438194,433.04
2025-06-03 18:42:00,SENS762,pm25_ugm3,35.41177588,35.41
2025-06-03 18:42:01,SENS762,temperature_c,30.7,30.7
2025-06-03 18:42:02,SENS762,humidity_percent,64.6,64.6
2025-06-03 18:42:03,SENS762,soil_moisture_percent,28.8,28.8
2025-06-03 18:42:04,SENS762,water_ph,6.88,6.88
2025-06-03 18:42:05,SENS762,turbidity_ntu,1.82,1.82
2025-06-03 18:42:06,SENS414,co2_ppm,378.758719,378.76
2025-06-03 18:42:07,SENS414,pm25_ugm3,19.91283145,19.91
2025-06-03 18:42:08,SENS414,temperature_c,34.1,34.1
2025-06-03 18:42:09,SENS414,humidity_percent,83.7,83.7
2025-06-03 18:42:10,SENS414,soil_moisture_percent,29.3,29.3
2025-06-03 18:42:11,SENS414,water_ph,8.18,8.18
2025-06-03 18:42:12,SENS414,turbidity_ntu,4.0,4.0
2025-06-03 18:42:13,SENS874,co2_ppm,411.6692841,411.67
2025-06-03 18:42:14,SENS874,pm25_ugm3,39.35696271,39.36
2025-06-03 18:42:16,SENS874,temperature_c,31.2,31.2
2025-06-03 18:42:17,SENS874,humidity_percent,85.1,85.1
2025-06-03 18:42:18,SENS874,soil_moisture_percent,22.7,22.7
2025-06-03 18:42:19,SENS874,water_ph,6.89,6.89
2025-06-03 18:42:20,SENS874,turbidity_ntu,1.34,1.34
2025-06-03 18:42:21,SENS903,co2_ppm,475.8386381,475.84
2025-06-03 18:42:22,SENS903,pm25_ugm3,29.12629326,29.13
2025-06-03 18:42:23,SENS903,temperature_c,28.7,28.7
2025-06-03 18:42:24,SENS903,humidity_percent,76.8,76.8
2025-06-03 18:42:25,SENS903,soil_moisture_percent,15.6,15.6
2025-06-03 18:42:26,SENS903,water_ph,7.85,7.85
2025-06-03 18:42:27,SENS903,turbidity_ntu,1.13,1.13
2025-06-03 18:42:28,SENS114,co2_ppm,396.2331772,396.23
2025-06-03 18:42:29,SENS114,pm25_ugm3,40.94845563,40.95
2025-06-03 18:42:30,SENS114,temperature_c,32.0,32.0
2025-06-03 18:42:31,SENS114,humidity_percent,81.7,81.7
2025-06-03 18:42:32,SENS114,soil_moisture_percent,27.9,27.9
2025-06-03 18:42:33,SENS114,water_ph,7.73,7.73
2025-06-03 18:42:34,SENS114,turbidity_ntu,0.04,0.04
2025-06-03 18:42:35,SENS115,co2_ppm,409.8621934,409.86
2025-06-03 18:42:36,SENS115,pm25_ugm3,36.93754616,36.94
2025-06-03 18:42:37,SENS115,temperature_c,34.6,34.6
2025-06-03 18:42:38,SENS115,humidity_percent,65.9,65.9
2025-06-03 18:42:39,SENS115,soil_moisture_percent,21.1,21.1
2025-06-03 18:42:40,SENS115,water_ph,6.76,6.76
2025-06-03 18:42:41,SENS115,turbidity_ntu,2.38,2.38
2025-06-03 18:42:42,SENS115,co2_ppm,432.6138979,432.61
2025-06-03 18:42:43,SENS115,pm25_ugm3,18.10419104,18.1
2025-06-03 18:42:44,SENS115,temperature_c,29.5,29.5
2025-06-03 18:42:45,SENS115,humidity_percent,51.8,51.8
2025-06-03 18:42:46,SENS115,soil_moisture_percent,24.6,24.6
2025-06-03 18:42:47,SENS115,water_ph,6.99,6.99
2025-06-03 18:42:48,SENS115,turbidity_ntu,4.35,4.35
2025-06-03 18:42:49,SENS478,co2_ppm,438.8756332,438.88
2025-06-03 18:42:50,SENS478,pm25_ugm3,47.76734479,47.77
2025-06-03 18:42:51,SENS478,temperature_c,33.8,33.8
2025-06-03 18:42:52,SENS478,humidity_percent,51.7,51.7
2025-06-03 18:42:53,SENS478,soil_moisture_percent,21.6,21.6
2025-06-03 18:42:54,SENS478,water_ph,8.33,8.33
2025-06-03 18:42:55,SENS478,turbidity_ntu,4.59,4.59
2025-06-03 18:42:56,SENS508,co2_ppm,451.1055378,451.11
2025-06-03 18:42:57,SENS508,pm25_ugm3,46.48153514,46.48
2025-06-03 18:42:58,SENS508,temperature_c,33.6,33.6
2025-06-03 18:42:59,SENS508,humidity_percent,67.9,67.9
2025-06-03 18:43:00,SENS508,soil_moisture_percent,26.3,26.3
2025-06-03 18:43:02,SENS508,water_ph,7.92,7.92
2025-06-03 18:43:03,SENS508,turbidity_ntu,4.15,4.15
2025-06-03 18:43:04,SENS530,co2_ppm,468.575231,468.58
2025-06-03 18:43:05,SENS530,pm25_ugm3,33.37992328,33.38
2025-06-03 18:43:06,SENS530,temperature_c,28.1,28.1
2025-06-03 18:43:07,SENS530,humidity_percent,87.4,87.4
2025-06-03 18:43:08,SENS530,soil_moisture_percent,19.3,19.3
2025-06-03 18:43:09,SENS530,water_ph,7.12,7.12
2025-06-03 18:43:10,SENS530,turbidity_ntu,1.81,1.81
2025-06-03 18:43:11,SENS559,co2_ppm,411.7417807,411.74
2025-06-03 18:43:12,SENS559,pm25_ugm3,22.04393202,22.04
2025-06-03 18:43:13,SENS559,temperature_c,33.5,33.5
2025-06-03 18:43:14,SENS559,humidity_percent,85.0,85.0
2025-06-03 18:43:15,SENS559,soil_moisture_percent,24.2,24.2
2025-06-03 18:43:16,SENS559,water_ph,6.8,6.8
2025-06-03 18:43:17,SENS559,turbidity_ntu,2.93,2.93
2025-06-03 18:43:18,SENS981,co2_ppm,409.2211895,409.22
2025-06-03 18:43:19,SENS981,pm25_ugm3,50.09176869,50.09
2025-06-03 18:43:20,SENS981,temperature_c,28.7,28.7
2025-06-03 18:43:21,SENS981,humidity_percent,54.9,54.9
2025-06-03 18:43:22,SENS981,soil_moisture_percent,12.0,12.0
2025-06-03 18:43:23,SENS981,water_ph,7.84,7.84
2025-06-03 18:43:24,SENS981,turbidity_ntu,2.54,2.54
2025-06-03 18:43:25,SENS235,co2_ppm,403.7092439,403.71
2025-06-03 18:43:26,SENS235,pm25_ugm3,40.17179296,40.17
2025-06-03 18:43:27,SENS235,temperature_c,27.6,27.6
2025-06-03 18:43:28,SENS235,humidity_percent,84.8,84.8
2025-06-03 18:43:29,SENS235,soil_moisture_percent,10.5,10.5
2025-06-03 18:43:30,SENS235,water_ph,7.49,7.49
2025-06-03 18:43:31,SENS235,turbidity_ntu,1.37,1.37
2025-06-03 18:43:32,SENS153,co2_ppm,434.2496993,434.25
2025-06-03 18:43:33,SENS153,pm25_ugm3,44.50604366,44.51
2025-06-03 18:43:34,SENS153,temperature_c,29.5,29.5
2025-06-03 18:43:35,SENS153,humidity_percent,69.7,69.7
2025-06-03 18:43:36,SENS153,soil_moisture_percent,19.8,19.8
2025-06-03 18:43:37,SENS153,water_ph,8.14,8.14
2025-06-03 18:43:38,SENS153,turbidity_ntu,2.92,2.92
2025-06-03 18:43:39,SENS425,co2_ppm,424.7340591,424.73
2025-06-03 18:43:40,SENS425,pm25_ugm3,21.44371855,21.44
2025-06-03 18:43:41,SENS425,temperature_c,30.5,30.5
2025-06-03 18:43:42,SENS425,humidity_percent,79.9,79.9
2025-06-03 18:43:43,SENS425,soil_moisture_percent,29.3,29.3
2025-06-03 18:43:44,SENS425,water_ph,7.72,7.72
2025-06-03 18:43:45,SENS425,turbidity_ntu,2.56,2.56
2025-06-03 18:43:46,SENS148,co2_ppm,383.1359662,383.14
2025-06-03 18:43:48,SENS148,pm25_ugm3,18.80505082,18.81
2025-06-03 18:43:49,SENS148,temperature_c,28.5,28.5
2025-06-03 18:43:50,SENS148,humidity_percent,78.3,78.3
2025-06-03 18:43:51,SENS148,soil_moisture_percent,15.9,15.9
2025-06-03 18:43:52,SENS148,water_ph,7.35,7.35
2025-06-03 18:43:53,SENS148,turbidity_ntu,2.27,2.27
2025-06-03 18:43:54,SENS860,co2_ppm,426.266707,426.27
2025-06-03 18:43:55,SENS860,pm25_ugm3,34.66580633,34.67
2025-06-03 18:43:56,SENS860,temperature_c,32.7,32.7
2025-06-03 18:43:57,SENS860,humidity_percent,70.4,70.4
2025-06-03 18:43:58,SENS860,soil_moisture_percent,12.6,12.6
2025-06-03 18:43:59,SENS860,water_ph,8.2,8.2
2025-06-03 18:44:00,SENS860,turbidity_ntu,1.28,1.28
2025-06-03 18:44:01,SENS351,co2_ppm,436.7319873,436.73
2025-06-03 18:44:02,SENS351,pm25_ugm3,38.03073802,38.03
2025-06-03 18:44:03,SENS351,temperature_c,28.4,28.4
2025-06-03 18:44:04,SENS351,humidity_percent,70.5,70.5
2025-06-03 18:44:05,SENS351,soil_moisture_percent,14.6,14.6
2025-06-03 18:44:06,SENS351,water_ph,8.25,8.25
2025-06-03 18:44:07,SENS351,turbidity_ntu,2.76,2.76
2025-06-03 18:44:08,SENS808,co2_ppm,443.2320427,443.23
2025-06-03 18:44:09,SENS808,pm25_ugm3,44.20885815,44.21
2025-06-03 18:44:10,SENS808,temperature_c,28.9,28.9
2025-06-03 18:44:11,SENS808,humidity_percent,66.3,66.3
2025-06-03 18:44:12,SENS808,soil_moisture_percent,28.0,28.0
2025-06-03 18:44:13,SENS808,water_ph,6.63,6.63
2025-06-03 18:44:14,SENS808,turbidity_ntu,4.65,4.65
2025-06-03 18:44:15,SENS445,co2_ppm,394.4598334,394.46
2025-06-03 18:44:16,SENS445,pm25_ugm3,27.19206268,27.19
2025-06-03 18:44:17,SENS445,temperature_c,30.4,30.4
2025-06-03 18:44:18,SENS445,humidity_percent,82.3,82.3
2025-06-03 18:44:19,SENS445,soil_moisture_percent,21.0,21.0
2025-06-03 18:44:20,SENS445,water_ph,7.03,7.03
2025-06-03 18:44:21,SENS445,turbidity_ntu,2.06,2.06
2025-06-03 18:44:22,SENS383,co2_ppm,450.6908125,450.69
2025-06-03 18:44:23,SENS383,pm25_ugm3,22.67160168,22.67
2025-06-03 18:44:24,SENS383,temperature_c,31.9,31.9
2025-06-03 18:44:25,SENS383,humidity_percent,64.5,64.5
2025-06-03 18:44:26,SENS383,soil_moisture_percent,12.7,12.7
2025-06-03 18:44:28,SENS383,water_ph,6.91,6.91
2025-06-03 18:44:29,SENS383,turbidity_ntu,4.3,4.3
2025-06-03 18:44:30,SENS888,co2_ppm,411.2876812,411.29
2025-06-03 18:44:31,SENS888,pm25_ugm3,20.43299236,20.43
2025-06-03 18:44:32,SENS888,temperature_c,33.0,33.0
2025-06-03 18:44:33,SENS888,humidity_percent,55.2,55.2
2025-06-03 18:44:34,SENS888,soil_moisture_percent,12.6,12.6
2025-06-03 18:44:35,SENS888,water_ph,7.7,7.7
2025-06-03 18:44:36,SENS888,turbidity_ntu,2.07,2.07
2025-06-03 18:44:37,SENS490,co2_ppm,457.4427202,457.44
2025-06-03 18:44:38,SENS490,pm25_ugm3,30.62117179,30.62
2025-06-03 18:44:39,SENS490,temperature_c,26.4,26.4
2025-06-03 18:44:40,SENS490,humidity_percent,87.6,87.6
2025-06-03 18:44:41,SENS490,soil_moisture_percent,25.2,25.2
2025-06-03 18:44:42,SENS490,water_ph,6.52,6.52
2025-06-03 18:44:43,SENS490,turbidity_ntu,3.49,3.49
2025-06-03 18:44:44,SENS680,co2_ppm,458.1116912,458.11
2025-06-03 18:44:45,SENS680,pm25_ugm3,29.15427694,29.15
2025-06-03 18:44:46,SENS680,temperature_c,29.0,29.0
2025-06-03 18:44:47,SENS680,humidity_percent,63.6,63.6
2025-06-03 18:44:48,SENS680,soil_moisture_percent,10.9,10.9
2025-06-03 18:44:49,SENS680,water_ph,7.76,7.76
2025-06-03 18:44:50,SENS680,turbidity_ntu,3.96,3.96
2025-06-03 18:44:51,SENS720,co2_ppm,429.8437089,429.84
2025-06-03 18:44:52,SENS720,pm25_ugm3,23.09111989,23.09
2025-06-03 18:44:53,SENS720,temperature_c,33.8,33.8
2025-06-03 18:44:54,SENS720,humidity_percent,88.7,88.7
2025-06-03 18:44:55,SENS720,soil_moisture_percent,32.2,32.2
2025-06-03 18:44:56,SENS720,water_ph,8.32,8.32
2025-06-03 18:44:57,SENS720,turbidity_ntu,1.04,1.04
2025-06-03 18:44:58,SENS285,co2_ppm,423.3988895,423.4
2025-06-03 18:44:59,SENS285,pm25_ugm3,41.55858732,41.56
2025-06-03 18:45:00,SENS285,temperature_c,33.1,33.1
2025-06-03 18:45:01,SENS285,humidity_percent,78.2,78.2
2025-06-03 18:45:02,SENS285,soil_moisture_percent,27.9,27.9
2025-06-03 18:45:03,SENS285,water_ph,8.4,8.4
2025-06-03 18:45:04,SENS285,turbidity_ntu,2.74,2.74
2025-06-03 18:45:05,SENS532,co2_ppm,409.1262147,409.13
2025-06-03 18:45:06,SENS532,pm25_ugm3,51.21823041,51.22
2025-06-03 18:45:07,SENS532,temperature_c,29.8,29.8
2025-06-03 18:45:08,SENS532,humidity_percent,66.9,66.9
2025-06-03 18:45:09,SENS532,soil_moisture_percent,23.2,23.2
2025-06-03 18:45:10,SENS532,water_ph,8.41,8.41
2025-06-03 18:45:12,SENS532,turbidity_ntu,2.64,2.64
2025-06-03 18:45:13,SENS101,co2_ppm,457.509002,457.51
2025-06-03 18:45:14,SENS101,pm25_ugm3,33.63769847,33.64
2025-06-03 18:45:15,SENS101,temperature_c,31.8,31.8
2025-06-03 18:45:16,SENS101,humidity_percent,87.4,87.4
2025-06-03 18:45:17,SENS101,soil_moisture_percent,19.2,19.2
2025-06-03 18:45:18,SENS101,water_ph,6.54,6.54
2025-06-03 18:45:19,SENS101,turbidity_ntu,2.16,2.16
2025-06-03 18:45:20,SENS304,co2_ppm,401.6285644,401.63
2025-06-03 18:45:21,SENS304,pm25_ugm3,41.19191359,41.19
2025-06-03 18:45:22,SENS304,temperature_c,29.1,29.1
2025-06-03 18:45:23,SENS304,humidity_percent,52.1,52.1
2025-06-03 18:45:24,SENS304,soil_moisture_percent,26.8,26.8
2025-06-03 18:45:25,SENS304,water_ph,7.71,7.71
2025-06-03 18:45:26,SENS304,turbidity_ntu,1.4,1.4
2025-06-03 18:45:27,SENS630,co2_ppm,429.0630481,429.06
2025-06-03 18:45:28,SENS630,pm25_ugm3,33.0770923,33.08
2025-06-03 18:45:29,SENS630,temperature_c,32.2,32.2
2025-06-03 18:45:30,SENS630,humidity_percent,65.8,65.8
2025-06-03 18:45:31,SENS630,soil_moisture_percent,27.2,27.2
2025-06-03 18:45:32,SENS630,water_ph,8.42,8.42
2025-06-03 18:45:33,SENS630,turbidity_ntu,1.39,1.39
2025-06-03 18:45:34,SENS956,co2_ppm,426.1329511,426.13
2025-06-03 18:45:35,SENS956,pm25_ugm3,28.279482,28.28
2025-06-03 18:45:36,SENS956,temperature_c,31.7,31.7
2025-06-03 18:45:37,SENS956,humidity_percent,63.2,63.2
2025-06-03 18:45:38,SENS956,soil_moisture_percent,11.2,11.2
2025-06-03 18:45:39,SENS956,water_ph,6.9,6.9
2025-06-03 18:45:40,SENS956,turbidity_ntu,2.06,2.06
2025-06-03 18:45:41,SENS847,co2_ppm,410.7055966,410.71
2025-06-03 18:45:42,SENS847,pm25_ugm3,27.38696265,27.39
2025-06-03 18:45:43,SENS847,temperature_c,32.8,32.8
2025-06-03 18:45:44,SENS847,humidity_percent,73.0,73.0
2025-06-03 18:45:45,SENS847,soil_moisture_percent,14.7,14.7
2025-06-03 18:45:46,SENS847,water_ph,7.45,7.45
2025-06-03 18:45:47,SENS847,turbidity_ntu,1.28,1.28
2025-06-03 18:45:48,SENS696,co2_ppm,462.0766909,462.08
2025-06-03 18:45:49,SENS696,pm25_ugm3,25.77269065,25.77
2025-06-03 18:45:50,SENS696,temperature_c,27.2,27.2
2025-06-03 18:45:51,SENS696,humidity_percent,84.2,84.2
2025-06-03 18:45:52,SENS696,soil_moisture_percent,24.0,24.0
2025-06-03 18:45:53,SENS696,water_ph,6.73,6.73
2025-06-03 18:45:54,SENS696,turbidity_ntu,4.5,4.5
2025-06-03 18:45:55,SENS509,co2_ppm,383.3351283,383.34
2025-06-03 18:45:56,SENS509,pm25_ugm3,27.70446055,27.7
2025-06-03 18:45:57,SENS509,temperature_c,26.8,26.8
2025-06-03 18:45:59,SENS509,humidity_percent,77.8,77.8
2025-06-03 18:46:00,SENS509,soil_moisture_percent,34.3,34.3
2025-06-03 18:46:01,SENS509,water_ph,7.13,7.13
2025-06-03 18:46:02,SENS509,turbidity_ntu,3.25,3.25
2025-06-03 18:46:03,SENS825,co2_ppm,421.2221158,421.22
2025-06-03 18:46:04,SENS825,pm25_ugm3,38.05745809,38.06
2025-06-03 18:46:05,SENS825,temperature_c,30.4,30.4
2025-06-03 18:46:06,SENS825,humidity_percent,79.0,79.0
2025-06-03 18:46:07,SENS825,soil_moisture_percent,21.3,21.3
2025-06-03 18:46:08,SENS825,water_ph,7.37,7.37
2025-06-03 18:46:09,SENS825,turbidity_ntu,2.26,2.26
2025-06-03 18:46:10,SENS990,co2_ppm,451.6841186,451.68
2025-06-03 18:46:11,SENS990,pm25_ugm3,41.04412838,41.04
2025-06-03 18:46:12,SENS990,temperature_c,32.1,32.1
2025-06-03 18:46:13,SENS990,humidity_percent,81.0,81.0
2025-06-03 18:46:14,SENS990,soil_moisture_percent,27.4,27.4
2025-06-03 18:46:15,SENS990,water_ph,7.36,7.36
2025-06-03 18:46:16,SENS990,turbidity_ntu,2.14,2.14
2025-06-03 18:46:17,SENS669,co2_ppm,459.3090997,459.31
2025-06-03 18:46:18,SENS669,pm25_ugm3,42.68287061,42.68
2025-06-03 18:46:19,SENS669,temperature_c,25.7,25.7
2025-06-03 18:46:20,SENS669,humidity_percent,65.3,65.3
2025-06-03 18:46:21,SENS669,soil_moisture_percent,11.7,11.7
2025-06-03 18:46:22,SENS669,water_ph,6.55,6.55
2025-06-03 18:46:23,SENS669,turbidity_ntu,0.69,0.69
2025-06-03 18:46:24,SENS785,co2_ppm,423.0979509,423.1
2025-06-03 18:46:25,SENS785,pm25_ugm3,31.15921203,31.16
2025-06-03 18:46:26,SENS785,temperature_c,32.4,32.4
2025-06-03 18:46:27,SENS785,humidity_percent,61.7,61.7
2025-06-03 18:46:28,SENS785,soil_moisture_percent,18.1,18.1
2025-06-03 18:46:29,SENS785,water_ph,7.71,7.71
2025-06-03 18:46:30,SENS785,turbidity_ntu,4.26,4.26
2025-06-03 18:46:31,SENS292,co2_ppm,382.8161203,382.82
2025-06-03 18:46:32,SENS292,pm25_ugm3,38.72544412,38.73
2025-06-03 18:46:33,SENS292,temperature_c,25.5,25.5
2025-06-03 18:46:34,SENS292,humidity_percent,69.9,69.9
2025-06-03 18:46:35,SENS292,soil_moisture_percent,10.9,10.9
2025-06-03 18:46:36,SENS292,water_ph,7.81,7.81
2025-06-03 18:46:37,SENS292,turbidity_ntu,1.52,1.52
2025-06-03 18:46:38,SENS369,co2_ppm,456.7399376,456.74
2025-06-03 18:46:39,SENS369,pm25_ugm3,27.28400957,27.28
2025-06-03 18:46:40,SENS369,temperature_c,28.6,28.6
2025-06-03 18:46:41,SENS369,humidity_percent,81.3,81.3
2025-06-03 18:46:42,SENS369,soil_moisture_percent,32.8,32.8
2025-06-03 18:46:43,SENS369,water_ph,7.47,7.47
2025-06-03 18:46:45,SENS369,turbidity_ntu,1.84,1.84
2025-06-03 18:46:46,SENS584,co2_ppm,427.8188491,427.82
2025-06-03 18:46:47,SENS584,pm25_ugm3,33.96579813,33.97
2025-06-03 18:46:48,SENS584,temperature_c,31.4,31.4
2025-06-03 18:46:49,SENS584,humidity_percent,77.9,77.9
2025-06-03 18:46:50,SENS584,soil_moisture_percent,11.2,11.2
2025-06-03 18:46:51,SENS584,water_ph,7.79,7.79
2025-06-03 18:46:52,SENS584,turbidity_ntu,0.73,0.73
2025-06-03 18:46:53,SENS776,co2_ppm,460.1841571,460.18
2025-06-03 18:46:54,SENS776,pm25_ugm3,20.22209707,20.22
2025-06-03 18:46:55,SENS776,temperature_c,31.0,31.0
2025-06-03 18:46:56,SENS776,humidity_percent,87.7,87.7
2025-06-03 18:46:57,SENS776,soil_moisture_percent,11.9,11.9
2025-06-03 18:46:58,SENS776,water_ph,6.7,6.7
2025-06-03 18:46:59,SENS776,turbidity_ntu,1.45,1.45
2025-06-03 18:47:00,SENS758,co2_ppm,450.7180031,450.72
2025-06-03 18:47:01,SENS758,pm25_ugm3,31.32382691,31.32
2025-06-03 18:47:02,SENS758,temperature_c,30.7,30.7
2025-06-03 18:47:03,SENS758,humidity_percent,50.3,50.3
2025-06-03 18:47:04,SENS758,soil_moisture_percent,14.7,14.7
2025-06-03 18:47:05,SENS758,water_ph,8.38,8.38
2025-06-03 18:47:06,SENS758,turbidity_ntu,1.82,1.82
2025-06-03 18:47:07,SENS696,co2_ppm,441.3312162,441.33
2025-06-03 18:47:08,SENS696,pm25_ugm3,30.12627089,30.13
2025-06-03 18:47:09,SENS696,temperature_c,27.2,27.2
2025-06-03 18:47:10,SENS696,humidity_percent,68.7,68.7
2025-06-03 18:47:11,SENS696,soil_moisture_percent,14.1,14.1
2025-06-03 18:47:12,SENS696,water_ph,7.87,7.87
2025-06-03 18:47:13,SENS696,turbidity_ntu,2.78,2.78
2025-06-03 18:47:14,SENS822,co2_ppm,398.8270737,398.83
2025-06-03 18:47:15,SENS822,pm25_ugm3,44.0651788,44.07
2025-06-03 18:47:16,SENS822,temperature_c,29.4,29.4
2025-06-03 18:47:17,SENS822,humidity_percent,59.1,59.1
2025-06-03 18:47:18,SENS822,soil_moisture_percent,32.4,32.4
2025-06-03 18:47:19,SENS822,water_ph,8.24,8.24
2025-06-03 18:47:20,SENS822,turbidity_ntu,1.64,1.64
2025-06-03 18:47:21,SENS799,co2_ppm,463.5298532,463.53
2025-06-03 18:47:22,SENS799,pm25_ugm3,18.87277697,18.87
2025-06-03 18:47:23,SENS799,temperature_c,25.5,25.5
2025-06-03 18:47:24,SENS799,humidity_percent,64.6,64.6
2025-06-03 18:47:25,SENS799,soil_moisture_percent,29.9,29.9
2025-06-03 18:47:26,SENS799,water_ph,7.15,7.15
2025-06-03 18:47:27,SENS799,turbidity_ntu,0.01,0.01
2025-06-03 18:47:28,SENS218,co2_ppm,442.2248787,442.22
2025-06-03 18:47:29,SENS218,pm25_ugm3,21.19842114,21.2
2025-06-03 18:47:31,SENS218,temperature_c,25.2,25.2
2025-06-03 18:47:32,SENS218,humidity_percent,58.3,58.3
2025-06-03 18:47:33,SENS218,soil_moisture_percent,15.8,15.8
2025-06-03 18:47:34,SENS218,water_ph,7.09,7.09
2025-06-03 18:47:35,SENS218,turbidity_ntu,4.12,4.12
2025-06-03 18:47:36,SENS368,co2_ppm,434.6110914,434.61
2025-06-03 18:47:37,SENS368,pm25_ugm3,28.82867802,28.83
2025-06-03 18:47:38,SENS368,temperature_c,33.1,33.1
2025-06-03 18:47:39,SENS368,humidity_percent,54.0,54.0
2025-06-03 18:47:40,SENS368,soil_moisture_percent,34.1,34.1
2025-06-03 18:47:41,SENS368,water_ph,7.84,7.84
2025-06-03 18:47:42,SENS368,turbidity_ntu,0.71,0.71
2025-06-03 18:47:43,SENS360,co2_ppm,412.6251634,412.63
2025-06-03 18:47:44,SENS360,pm25_ugm3,35.42828277,35.43
2025-06-03 18:47:45,SENS360,temperature_c,27.5,27.5
2025-06-03 18:47:46,SENS360,humidity_percent,75.4,75.4
2025-06-03 18:47:47,SENS360,soil_moisture_percent,27.4,27.4
2025-06-03 18:47:48,SENS360,water_ph,7.24,7.24
2025-06-03 18:47:49,SENS360,turbidity_ntu,1.88,1.88
2025-06-03 18:47:50,SENS513,co2_ppm,374.9506513,374.95
2025-06-03 18:47:51,SENS513,pm25_ugm3,24.95331479,24.95
2025-06-03 18:47:52,SENS513,temperature_c,30.0,30.0
2025-06-03 18:47:53,SENS513,humidity_percent,81.8,81.8
2025-06-03 18:47:54,SENS513,soil_moisture_percent,15.9,15.9
2025-06-03 18:47:55,SENS513,water_ph,7.86,7.86
2025-06-03 18:47:56,SENS513,turbidity_ntu,0.97,0.97
2025-06-03 18:47:57,SENS668,co2_ppm,349.5442453,349.54
2025-06-03 18:47:58,SENS668,pm25_ugm3,49.42266957,49.42
2025-06-03 18:47:59,SENS668,temperature_c,28.1,28.1
2025-06-03 18:48:00,SENS668,humidity_percent,51.5,51.5
2025-06-03 18:48:01,SENS668,soil_moisture_percent,27.5,27.5
2025-06-03 18:48:02,SENS668,water_ph,6.9,6.9
2025-06-03 18:48:03,SENS668,turbidity_ntu,2.15,2.15
2025-06-03 18:48:04,SENS807,co2_ppm,403.5859312,403.59
2025-06-03 18:48:05,SENS807,pm25_ugm3,34.22196661,34.22
2025-06-03 18:48:06,SENS807,temperature_c,26.3,26.3
2025-06-03 18:48:07,SENS807,humidity_percent,64.9,64.9
2025-06-03 18:48:08,SENS807,soil_moisture_percent,21.0,21.0
2025-06-03 18:48:09,SENS807,water_ph,7.43,7.43
2025-06-03 18:48:10,SENS807,turbidity_ntu,0.34,0.34
2025-06-03 18:48:11,SENS793,co2_ppm,414.6892934,414.69
2025-06-03 18:48:12,SENS793,pm25_ugm3,33.561644,33.56
2025-06-03 18:48:13,SENS793,temperature_c,32.0,32.0
2025-06-03 18:48:14,SENS793,humidity_percent,85.6,85.6
2025-06-03 18:48:15,SENS793,soil_moisture_percent,27.2,27.2
2025-06-03 18:48:17,SENS793,water_ph,6.8,6.8
2025-06-03 18:48:18,SENS793,turbidity_ntu,0.36,0.36
2025-06-03 18:48:19,SENS913,co2_ppm,403.8370381,403.84
2025-06-03 18:48:20,SENS913,pm25_ugm3,13.6651632,13.67
2025-06-03 18:48:21,SENS913,temperature_c,28.3,28.3
2025-06-03 18:48:22,SENS913,humidity_percent,77.8,77.8
2025-06-03 18:48:23,SENS913,soil_moisture_percent,18.0,18.0
2025-06-03 18:48:24,SENS913,water_ph,7.69,7.69
2025-06-03 18:48:25,SENS913,turbidity_ntu,1.57,1.57
2025-06-03 18:48:26,SENS566,co2_ppm,389.6495758,389.65
2025-06-03 18:48:27,SENS566,pm25_ugm3,26.39261726,26.39
2025-06-03 18:48:28,SENS566,temperature_c,30.9,30.9
2025-06-03 18:48:29,SENS566,humidity_percent,81.6,81.6
2025-06-03 18:48:30,SENS566,soil_moisture_percent,18.8,18.8
2025-06-03 18:48:31,SENS566,water_ph,7.25,7.25
2025-06-03 18:48:32,SENS566,turbidity_ntu,4.72,4.72
2025-06-03 18:48:33,SENS788,co2_ppm,427.4676097,427.47
2025-06-03 18:48:34,SENS788,pm25_ugm3,47.55935578,47.56
2025-06-03 18:48:35,SENS788,temperature_c,32.6,32.6
2025-06-03 18:48:36,SENS788,humidity_percent,79.2,79.2
2025-06-03 18:48:37,SENS788,soil_moisture_percent,14.8,14.8
2025-06-03 18:48:38,SENS788,water_ph,7.99,7.99
2025-06-03 18:48:39,SENS788,turbidity_ntu,1.92,1.92
2025-06-03 18:48:40,SENS410,co2_ppm,401.4039308,401.4
2025-06-03 18:48:41,SENS410,pm25_ugm3,38.02211981,38.02
2025-06-03 18:48:42,SENS410,temperature_c,28.6,28.6
2025-06-03 18:48:43,SENS410,humidity_percent,64.5,64.5
2025-06-03 18:48:44,SENS410,soil_moisture_percent,27.6,27.6
2025-06-03 18:48:45,SENS410,water_ph,6.57,6.57
2025-06-03 18:48:46,SENS410,turbidity_ntu,3.1,3.1
2025-06-03 18:48:47,SENS674,co2_ppm,369.8986484,369.9
2025-06-03 18:48:48,SENS674,pm25_ugm3,17.80015847,17.8
2025-06-03 18:48:49,SENS674,temperature_c,34.8,34.8
2025-06-03 18:48:50,SENS674,humidity_percent,59.0,59.0
2025-06-03 18:48:51,SENS674,soil_moisture_percent,13.1,13.1
2025-06-03 18:48:52,SENS674,water_ph,6.51,6.51
2025-06-03 18:48:53,SENS674,turbidity_ntu,1.56,1.56
2025-06-03 18:48:54,SENS714,co2_ppm,450.4468003,450.45
2025-06-03 18:48:55,SENS714,pm25_ugm3,45.30960515,45.31
2025-06-03 18:48:56,SENS714,temperature_c,29.5,29.5
2025-06-03 18:48:57,SENS714,humidity_percent,61.5,61.5
2025-06-03 18:48:58,SENS714,soil_moisture_percent,18.0,18.0
2025-06-03 18:48:59,SENS714,water_ph,7.67,7.67
2025-06-03 18:49:01,SENS714,turbidity_ntu,2.65,2.65
2025-06-03 18:49:02,SENS602,co2_ppm,396.2818634,396.28
2025-06-03 18:49:03,SENS602,pm25_ugm3,7.719538837,7.72
2025-06-03 18:49:04,SENS602,temperature_c,28.1,28.1
2025-06-03 18:49:05,SENS602,humidity_percent,58.2,58.2
2025-06-03 18:49:06,SENS602,soil_moisture_percent,25.9,25.9
2025-06-03 18:49:07,SENS602,water_ph,7.17,7.17
2025-06-03 18:49:08,SENS602,turbidity_ntu,3.96,3.96
2025-06-03 18:49:09,SENS444,co2_ppm,475.3504366,475.35
2025-06-03 18:49:10,SENS444,pm25_ugm3,35.93196473,35.93
2025-06-03 18:49:11,SENS444,temperature_c,34.8,34.8
2025-06-03 18:49:12,SENS444,humidity_percent,64.6,64.6
2025-06-03 18:49:13,SENS444,soil_moisture_percent,31.7,31.7
2025-06-03 18:49:14,SENS444,water_ph,7.68,7.68
2025-06-03 18:49:15,SENS444,turbidity_ntu,3.71,3.71
2025-06-03 18:49:16,SENS895,co2_ppm,409.3607062,409.36
2025-06-03 18:49:17,SENS895,pm25_ugm3,38.08286367,38.08
2025-06-03 18:49:18,SENS895,temperature_c,32.7,32.7
2025-06-03 18:49:19,SENS895,humidity_percent,85.1,85.1
2025-06-03 18:49:20,SENS895,soil_moisture_percent,15.5,15.5
2025-06-03 18:49:21,SENS895,water_ph,7.5,7.5
2025-06-03 18:49:22,SENS895,turbidity_ntu,3.33,3.33
2025-06-03 18:49:23,SENS958,co2_ppm,388.6123636,388.61
2025-06-03 18:49:24,SENS958,pm25_ugm3,42.45495902,42.45
2025-06-03 18:49:25,SENS958,temperature_c,31.2,31.2
2025-06-03 18:49:26,SENS958,humidity_percent,59.1,59.1
2025-06-03 18:49:27,SENS958,soil_moisture_percent,29.9,29.9
2025-06-03 18:49:28,SENS958,water_ph,6.76,6.76
2025-06-03 18:49:29,SENS958,turbidity_ntu,3.48,3.48
2025-06-03 18:49:30,SENS263,co2_ppm,433.5051996,433.51
2025-06-03 18:49:31,SENS263,pm25_ugm3,22.61310627,22.61
2025-06-03 18:49:32,SENS263,temperature_c,33.1,33.1
2025-06-03 18:49:33,SENS263,humidity_percent,87.9,87.9
2025-06-03 18:49:34,SENS263,soil_moisture_percent,32.4,32.4
2025-06-03 18:49:35,SENS263,water_ph,6.59,6.59
2025-06-03 18:49:36,SENS263,turbidity_ntu,2.79,2.79
2025-06-03 18:49:37,SENS675,co2_ppm,401.5228038,401.52
2025-06-03 18:49:38,SENS675,pm25_ugm3,23.33546762,23.34
2025-06-03 18:49:39,SENS675,temperature_c,33.5,33.5
2025-06-03 18:49:40,SENS675,humidity_percent,59.7,59.7
2025-06-03 18:49:41,SENS675,soil_moisture_percent,16.0,16.0
2025-06-03 18:49:42,SENS675,water_ph,7.01,7.01
2025-06-03 18:49:43,SENS675,turbidity_ntu,2.92,2.92
2025-06-03 18:49:44,SENS203,co2_ppm,380.4357061,380.44
2025-06-03 18:49:45,SENS203,pm25_ugm3,47.87007896,47.87
2025-06-03 18:49:47,SENS203,temperature_c,32.8,32.8
2025-06-03 18:49:48,SENS203,humidity_percent,56.4,56.4
2025-06-03 18:49:49,SENS203,soil_moisture_percent,17.2,17.2
2025-06-03 18:49:50,SENS203,water_ph,6.92,6.92
2025-06-03 18:49:51,SENS203,turbidity_ntu,0.54,0.54
2025-06-03 18:49:52,SENS901,co2_ppm,359.8515134,359.85
2025-06-03 18:49:53,SENS901,pm25_ugm3,34.12944729,34.13
2025-06-03 18:49:54,SENS901,temperature_c,28.2,28.2
2025-06-03 18:49:55,SENS901,humidity_percent,72.1,72.1
2025-06-03 18:49:56,SENS901,soil_moisture_percent,33.0,33.0
2025-06-03 18:49:57,SENS901,water_ph,8.36,8.36
2025-06-03 18:49:58,SENS901,turbidity_ntu,0.89,0.89
2025-06-03 18:49:59,SENS531,co2_ppm,417.6720299,417.67
2025-06-03 18:50:00,SENS531,pm25_ugm3,26.12429822,26.12
2025-06-03 18:50:01,SENS531,temperature_c,32.7,32.7
2025-06-03 18:50:02,SENS531,humidity_percent,81.2,81.2
2025-06-03 18:50:03,SENS531,soil_moisture_percent,19.3,19.3
2025-06-03 18:50:04,SENS531,water_ph,7.17,7.17
2025-06-03 18:50:05,SENS531,turbidity_ntu,1.16,1.16
2025-06-03 18:50:06,SENS303,co2_ppm,450.0356884,450.04
2025-06-03 18:50:07,SENS303,pm25_ugm3,29.43104762,29.43
2025-06-03 18:50:08,SENS303,temperature_c,26.9,26.9
2025-06-03 18:50:09,SENS303,humidity_percent,86.2,86.2
2025-06-03 18:50:10,SENS303,soil_moisture_percent,21.8,21.8
2025-06-03 18:50:11,SENS303,water_ph,8.49,8.49
2025-06-03 18:50:12,SENS303,turbidity_ntu,2.38,2.38
2025-06-03 18:50:13,SENS443,co2_ppm,470.7337753,470.73
2025-06-03 18:50:14,SENS443,pm25_ugm3,30.07526949,30.08
2025-06-03 18:50:15,SENS443,temperature_c,33.9,33.9
2025-06-03 18:50:16,SENS443,humidity_percent,56.5,56.5
2025-06-03 18:50:17,SENS443,soil_moisture_percent,12.3,12.3
2025-06-03 18:50:18,SENS443,water_ph,8.47,8.47
2025-06-03 18:50:19,SENS443,turbidity_ntu,1.03,1.03
2025-06-03 18:50:20,SENS278,co2_ppm,379.237254,379.24
2025-06-03 18:50:21,SENS278,pm25_ugm3,29.38690119,29.39
2025-06-03 18:50:22,SENS278,temperature_c,27.9,27.9
2025-06-03 18:50:23,SENS278,humidity_percent,69.4,69.4
2025-06-03 18:50:24,SENS278,soil_moisture_percent,33.6,33.6
2025-06-03 18:50:25,SENS278,water_ph,6.66,6.66
2025-06-03 18:50:26,SENS278,turbidity_ntu,1.39,1.39
2025-06-03 18:50:27,SENS994,co2_ppm,388.2466225,388.25
2025-06-03 18:50:28,SENS994,pm25_ugm3,42.48015256,42.48
2025-06-03 18:50:29,SENS994,temperature_c,27.0,27.0
2025-06-03 18:50:30,SENS994,humidity_percent,59.3,59.3
2025-06-03 18:50:31,SENS994,soil_moisture_percent,23.7,23.7
2025-06-03 18:50:32,SENS994,water_ph,7.97,7.97
2025-06-03 18:50:34,SENS994,turbidity_ntu,3.61,3.61
2025-06-03 18:50:35,SENS983,co2_ppm,385.9454612,385.95
2025-06-03 18:50:36,SENS983,pm25_ugm3,28.65170059,28.65
2025-06-03 18:50:37,SENS983,temperature_c,33.5,33.5
2025-06-03 18:50:38,SENS983,humidity_percent,88.1,88.1
2025-06-03 18:50:39,SENS983,soil_moisture_percent,27.3,27.3
2025-06-03 18:50:40,SENS983,water_ph,6.75,6.75
2025-06-03 18:50:41,SENS983,turbidity_ntu,4.16,4.16
2025-06-03 18:50:42,SENS105,co2_ppm,400.4378236,400.44
2025-06-03 18:50:43,SENS105,pm25_ugm3,27.69475812,27.69
2025-06-03 18:50:44,SENS105,temperature_c,27.7,27.7
2025-06-03 18:50:45,SENS105,humidity_percent,67.3,67.3
2025-06-03 18:50:46,SENS105,soil_moisture_percent,22.3,22.3
2025-06-03 18:50:47,SENS105,water_ph,7.22,7.22
2025-06-03 18:50:48,SENS105,turbidity_ntu,3.71,3.71
2025-06-03 18:50:49,SENS734,co2_ppm,388.2999344,388.3
2025-06-03 18:50:50,SENS734,pm25_ugm3,36.28400797,36.28
2025-06-03 18:50:51,SENS734,temperature_c,29.0,29.0
2025-06-03 18:50:52,SENS734,humidity_percent,53.6,53.6
2025-06-03 18:50:53,SENS734,soil_moisture_percent,24.4,24.4
2025-06-03 18:50:54,SENS734,water_ph,6.92,6.92
2025-06-03 18:50:55,SENS734,turbidity_ntu,4.01,4.01
2025-06-03 18:50:56,SENS344,co2_ppm,458.3482704,458.35
2025-06-03 18:50:57,SENS344,pm25_ugm3,37.08193051,37.08
2025-06-03 18:50:58,SENS344,temperature_c,32.3,32.3
2025-06-03 18:50:59,SENS344,humidity_percent,62.6,62.6
2025-06-03 18:51:00,SENS344,soil_moisture_percent,21.9,21.9
2025-06-03 18:51:01,SENS344,water_ph,7.32,7.32
2025-06-03 18:51:02,SENS344,turbidity_ntu,4.04,4.04
2025-06-03 18:51:03,SENS464,co2_ppm,437.6844445,437.68
2025-06-03 18:51:04,SENS464,pm25_ugm3,37.4367729,37.44
2025-06-03 18:51:05,SENS464,temperature_c,32.5,32.5
2025-06-03 18:51:06,SENS464,humidity_percent,65.5,65.5
2025-06-03 18:51:07,SENS464,soil_moisture_percent,13.5,13.5
2025-06-03 18:51:08,SENS464,water_ph,8.29,8.29
2025-06-03 18:51:09,SENS464,turbidity_ntu,1.67,1.67
2025-06-03 18:51:10,SENS253,co2_ppm,476.4954696,476.5
2025-06-03 18:51:11,SENS253,pm25_ugm3,30.7528996,30.75
2025-06-03 18:51:12,SENS253,temperature_c,27.0,27.0
2025-06-03 18:51:13,SENS253,humidity_percent,89.7,89.7
2025-06-03 18:51:14,SENS253,soil_moisture_percent,28.7,28.7
2025-06-03 18:51:15,SENS253,water_ph,7.24,7.24
2025-06-03 18:51:16,SENS253,turbidity_ntu,3.52,3.52
2025-06-03 18:51:17,SENS793,co2_ppm,415.0670371,415.07
2025-06-03 18:51:18,SENS793,pm25_ugm3,38.48163283,38.48
2025-06-03 18:51:20,SENS793,temperature_c,34.0,34.0
2025-06-03 18:51:21,SENS793,humidity_percent,70.1,70.1
2025-06-03 18:51:22,SENS793,soil_moisture_percent,13.3,13.3
2025-06-03 18:51:23,SENS793,water_ph,8.22,8.22
2025-06-03 18:51:24,SENS793,turbidity_ntu,3.42,3.42
2025-06-03 18:51:25,SENS758,co2_ppm,458.1546656,458.15
2025-06-03 18:51:26,SENS758,pm25_ugm3,41.97779669,41.98
2025-06-03 18:51:27,SENS758,temperature_c,33.7,33.7
2025-06-03 18:51:28,SENS758,humidity_percent,88.4,88.4
2025-06-03 18:51:29,SENS758,soil_moisture_percent,10.4,10.4
2025-06-03 18:51:30,SENS758,water_ph,6.88,6.88
2025-06-03 18:51:31,SENS758,turbidity_ntu,4.02,4.02
2025-06-03 18:51:32,SENS450,co2_ppm,422.5918482,422.59
2025-06-03 18:51:33,SENS450,pm25_ugm3,28.22010452,28.22
2025-06-03 18:51:34,SENS450,temperature_c,29.3,29.3
2025-06-03 18:51:35,SENS450,humidity_percent,72.4,72.4
2025-06-03 18:51:36,SENS450,soil_moisture_percent,28.7,28.7
2025-06-03 18:51:37,SENS450,water_ph,7.71,7.71
2025-06-03 18:51:38,SENS450,turbidity_ntu,3.19,3.19
2025-06-03 18:51:39,SENS459,co2_ppm,387.8174948,387.82
2025-06-03 18:51:40,SENS459,pm25_ugm3,25.09801677,25.1
2025-06-03 18:51:41,SENS459,temperature_c,34.1,34.1
2025-06-03 18:51:42,SENS459,humidity_percent,79.8,79.8
2025-06-03 18:51:43,SENS459,soil_moisture_percent,32.0,32.0
2025-06-03 18:51:44,SENS459,water_ph,7.74,7.74
2025-06-03 18:51:45,SENS459,turbidity_ntu,2.03,2.03
2025-06-03 18:51:46,SENS484,co2_ppm,408.7417726,408.74
2025-06-03 18:51:47,SENS484,pm25_ugm3,40.19912309,40.2
2025-06-03 18:51:48,SENS484,temperature_c,27.4,27.4
2025-06-03 18:51:49,SENS484,humidity_percent,76.1,76.1
2025-06-03 18:51:50,SENS484,soil_moisture_percent,16.5,16.5
2025-06-03 18:51:51,SENS484,water_ph,6.83,6.83
2025-06-03 18:51:52,SENS484,turbidity_ntu,1.01,1.01
2025-06-03 18:51:53,SENS183,co2_ppm,396.0861036,396.09
2025-06-03 18:51:54,SENS183,pm25_ugm3,30.45097313,30.45
2025-06-03 18:51:55,SENS183,temperature_c,29.3,29.3
2025-06-03 18:51:56,SENS183,humidity_percent,71.2,71.2
2025-06-03 18:51:57,SENS183,soil_moisture_percent,25.8,25.8
2025-06-03 18:51:58,SENS183,water_ph,8.13,8.13
2025-06-03 18:51:59,SENS183,turbidity_ntu,2.77,2.77
2025-06-03 18:52:00,SENS693,co2_ppm,415.614337,415.61
2025-06-03 18:52:01,SENS693,pm25_ugm3,37.52338543,37.52
2025-06-03 18:52:02,SENS693,temperature_c,28.3,28.3
2025-06-03 18:52:03,SENS693,humidity_percent,59.0,59.0
2025-06-03 18:52:04,SENS693,soil_moisture_percent,24.1,24.1
2025-06-03 18:52:05,SENS693,water_ph,8.04,8.04
2025-06-03 18:52:07,SENS693,turbidity_ntu,4.32,4.32
2025-06-03 18:52:08,SENS398,co2_ppm,414.7442606,414.74
2025-06-03 18:52:09,SENS398,pm25_ugm3,34.92819683,34.93
2025-06-03 18:52:10,SENS398,temperature_c,34.0,34.0
2025-06-03 18:52:11,SENS398,humidity_percent,88.6,88.6
2025-06-03 18:52:12,SENS398,soil_moisture_percent,29.6,29.6
2025-06-03 18:52:13,SENS398,water_ph,6.52,6.52
2025-06-03 18:52:14,SENS398,turbidity_ntu,4.33,4.33
2025-06-03 18:52:15,SENS150,co2_ppm,369.6519395,369.65
2025-06-03 18:52:16,SENS150,pm25_ugm3,26.80010941,26.8
2025-06-03 18:52:17,SENS150,temperature_c,28.4,28.4
2025-06-03 18:52:18,SENS150,humidity_percent,61.4,61.4
2025-06-03 18:52:19,SENS150,soil_moisture_percent,21.6,21.6
2025-06-03 18:52:20,SENS150,water_ph,7.57,7.57
2025-06-03 18:52:21,SENS150,turbidity_ntu,4.46,4.46
2025-06-03 18:52:22,SENS316,co2_ppm,366.9358326,366.94
2025-06-03 18:52:23,SENS316,pm25_ugm3,36.15095906,36.15
2025-06-03 18:52:24,SENS316,temperature_c,30.7,30.7
2025-06-03 18:52:25,SENS316,humidity_percent,85.7,85.7
2025-06-03 18:52:26,SENS316,soil_moisture_percent,26.7,26.7
2025-06-03 18:52:27,SENS316,water_ph,6.99,6.99
2025-06-03 18:52:28,SENS316,turbidity_ntu,0.65,0.65
2025-06-03 18:52:29,SENS414,co2_ppm,438.7706482,438.77
2025-06-03 18:52:30,SENS414,pm25_ugm3,41.34111625,41.34
2025-06-03 18:52:31,SENS414,temperature_c,33.1,33.1
2025-06-03 18:52:32,SENS414,humidity_percent,58.6,58.6
2025-06-03 18:52:33,SENS414,soil_moisture_percent,21.0,21.0
2025-06-03 18:52:34,SENS414,water_ph,8.03,8.03
2025-06-03 18:52:35,SENS414,turbidity_ntu,3.38,3.38
2025-06-03 18:52:36,SENS541,co2_ppm,422.4725642,422.47
2025-06-03 18:52:37,SENS541,pm25_ugm3,25.06168935,25.06
2025-06-03 18:52:38,SENS541,temperature_c,32.3,32.3
2025-06-03 18:52:39,SENS541,humidity_percent,79.1,79.1
2025-06-03 18:52:40,SENS541,soil_moisture_percent,16.1,16.1
2025-06-03 18:52:41,SENS541,water_ph,7.89,7.89
2025-06-03 18:52:42,SENS541,turbidity_ntu,1.78,1.78
2025-06-03 18:52:43,SENS296,co2_ppm,415.2263831,415.23
2025-06-03 18:52:44,SENS296,pm25_ugm3,46.56399484,46.56
2025-06-03 18:52:45,SENS296,temperature_c,34.4,34.4
2025-06-03 18:52:46,SENS296,humidity_percent,64.8,64.8
2025-06-03 18:52:47,SENS296,soil_moisture_percent,24.6,24.6
2025-06-03 18:52:48,SENS296,water_ph,7.82,7.82
2025-06-03 18:52:49,SENS296,turbidity_ntu,2.31,2.31
2025-06-03 18:52:50,SENS362,co2_ppm,423.6162983,423.62
2025-06-03 18:52:51,SENS362,pm25_ugm3,33.35297808,33.35
2025-06-03 18:52:53,SENS362,temperature_c,32.4,32.4
2025-06-03 18:52:54,SENS362,humidity_percent,55.2,55.2
2025-06-03 18:52:55,SENS362,soil_moisture_percent,16.6,16.6
2025-06-03 18:52:56,SENS362,water_ph,7.56,7.56
2025-06-03 18:52:57,SENS362,turbidity_ntu,1.12,1.12
2025-06-03 18:52:58,SENS768,co2_ppm,407.7185841,407.72
2025-06-03 18:52:59,SENS768,pm25_ugm3,41.08843622,41.09
2025-06-03 18:53:00,SENS768,temperature_c,34.5,34.5
2025-06-03 18:53:01,SENS768,humidity_percent,61.5,61.5
2025-06-03 18:53:02,SENS768,soil_moisture_percent,26.9,26.9
2025-06-03 18:53:03,SENS768,water_ph,7.51,7.51
2025-06-03 18:53:04,SENS768,turbidity_ntu,1.93,1.93
2025-06-03 18:53:05,SENS236,co2_ppm,454.8493027,454.85
2025-06-03 18:53:06,SENS236,pm25_ugm3,46.45217872,46.45
2025-06-03 18:53:07,SENS236,temperature_c,30.3,30.3
2025-06-03 18:53:08,SENS236,humidity_percent,69.5,69.5
2025-06-03 18:53:09,SENS236,soil_moisture_percent,21.1,21.1
2025-06-03 18:53:10,SENS236,water_ph,7.57,7.57
2025-06-03 18:53:11,SENS236,turbidity_ntu,0.77,0.77
2025-06-03 18:53:12,SENS292,co2_ppm,481.5274739,481.53
2025-06-03 18:53:13,SENS292,pm25_ugm3,49.05467473,49.05
2025-06-03 18:53:14,SENS292,temperature_c,32.5,32.5
2025-06-03 18:53:15,SENS292,humidity_percent,63.6,63.6
2025-06-03 18:53:16,SENS292,soil_moisture_percent,29.4,29.4
2025-06-03 18:53:17,SENS292,water_ph,7.7,7.7
2025-06-03 18:53:18,SENS292,turbidity_ntu,0.03,0.03
2025-06-03 18:53:19,SENS492,co2_ppm,429.2176892,429.22
2025-06-03 18:53:20,SENS492,pm25_ugm3,5.48245053,5.48
2025-06-03 18:53:21,SENS492,temperature_c,26.5,26.5
2025-06-03 18:53:22,SENS492,humidity_percent,74.1,74.1
2025-06-03 18:53:23,SENS492,soil_moisture_percent,19.3,19.3
2025-06-03 18:53:24,SENS492,water_ph,7.59,7.59
2025-06-03 18:53:25,SENS492,turbidity_ntu,3.9,3.9
2025-06-03 18:53:26,SENS469,co2_ppm,398.2761872,398.28
2025-06-03 18:53:27,SENS469,pm25_ugm3,27.02141102,27.02
2025-06-03 18:53:28,SENS469,temperature_c,32.4,32.4
2025-06-03 18:53:29,SENS469,humidity_percent,63.7,63.7
2025-06-03 18:53:30,SENS469,soil_moisture_percent,12.8,12.8
2025-06-03 18:53:31,SENS469,water_ph,6.76,6.76
2025-06-03 18:53:32,SENS469,turbidity_ntu,2.04,2.04
2025-06-03 18:53:33,SENS700,co2_ppm,415.7788787,415.78
2025-06-03 18:53:34,SENS700,pm25_ugm3,40.41723202,40.42
2025-06-03 18:53:35,SENS700,temperature_c,25.9,25.9
2025-06-03 18:53:36,SENS700,humidity_percent,86.9,86.9
2025-06-03 18:53:38,SENS700,soil_moisture_percent,18.7,18.7
2025-06-03 18:53:39,SENS700,water_ph,6.78,6.78
2025-06-03 18:53:40,SENS700,turbidity_ntu,1.5,1.5
2025-06-03 18:53:41,SENS954,co2_ppm,421.9918967,421.99
2025-06-03 18:53:42,SENS954,pm25_ugm3,40.07492439,40.07
2025-06-03 18:53:43,SENS954,temperature_c,25.6,25.6
2025-06-03 18:53:44,SENS954,humidity_percent,79.8,79.8
2025-06-03 18:53:45,SENS954,soil_moisture_percent,15.8,15.8
2025-06-03 18:53:46,SENS954,water_ph,7.41,7.41
2025-06-03 18:53:47,SENS954,turbidity_ntu,0.0,0.0
2025-06-03 18:53:48,SENS766,co2_ppm,430.9262661,430.93
2025-06-03 18:53:49,SENS766,pm25_ugm3,32.65626619,32.66
2025-06-03 18:53:50,SENS766,temperature_c,27.4,27.4
2025-06-03 18:53:51,SENS766,humidity_percent,74.7,74.7
2025-06-03 18:53:52,SENS766,soil_moisture_percent,30.6,30.6
2025-06-03 18:53:53,SENS766,water_ph,7.76,7.76
2025-06-03 18:53:54,SENS766,turbidity_ntu,3.46,3.46
